episode,reward,epsilon,avg_loss,steps,rolling_avg
1,28.0,0.995,0.0,28,28.0
2,10.0,0.990025,0.0,10,19.0
3,20.0,0.985074875,0.0,20,19.333333333333332
4,10.0,0.9801495006250001,0.9764529943466187,10,17.0
5,27.0,0.9752487531218751,0.552361046826398,27,19.0
6,34.0,0.9703725093562657,0.17013314125292442,34,21.5
7,18.0,0.9655206468094844,0.07931566072834863,18,21.0
8,14.0,0.960693043575437,0.040864652421857627,14,20.125
9,16.0,0.9558895783575597,0.02077008201740682,16,19.666666666666668
10,26.0,0.9511101304657719,0.009419675844793137,26,20.3
11,16.0,0.946354579813443,0.0034418509749229997,16,19.90909090909091
12,17.0,0.9416228069143757,0.001775781630867106,17,19.666666666666668
13,18.0,0.9369146928798039,0.0010230486514046788,18,19.53846153846154
14,19.0,0.9322301194154049,0.0008776053620845472,19,19.5
15,16.0,0.9275689688183278,0.0008185347433027346,16,19.266666666666666
16,19.0,0.9229311239742362,0.0007534243080666975,19,19.25
17,15.0,0.918316468354365,0.0006565668251520643,15,19.0
18,9.0,0.9137248860125932,0.000739070845560895,9,18.444444444444443
19,16.0,0.9091562615825302,0.0006123976454546209,16,18.31578947368421
20,10.0,0.9046104802746175,0.0007135437510441989,10,17.9
21,9.0,0.9000874278732445,0.001030348357744515,9,17.476190476190474
22,15.0,0.8955869907338783,0.0008189932792447508,15,17.363636363636363
23,20.0,0.8911090557802088,0.0006634146651776973,20,17.47826086956522
24,11.0,0.8866535105013078,0.0013865604308772493,11,17.208333333333332
25,11.0,0.8822202429488013,0.0008291593456471509,11,16.96
26,19.0,0.8778091417340573,0.000879958793551563,19,17.03846153846154
27,11.0,0.8734200960253871,0.0006023340789728205,11,16.814814814814813
28,16.0,0.8690529955452602,0.0005232381608948344,16,16.785714285714285
29,21.0,0.8647077305675338,0.000590590283363348,21,16.93103448275862
30,68.0,0.8603841919146962,0.0006563597543230143,68,18.633333333333333
31,10.0,0.8560822709551227,0.0006003056390909478,10,18.35483870967742
32,15.0,0.851801859600347,0.0005509865644853562,15,18.25
33,14.0,0.8475428503023453,0.0007055039126758597,14,18.12121212121212
34,9.0,0.8433051360508336,0.0006093034753575921,9,17.852941176470587
35,11.0,0.8390886103705794,0.0007152795786334372,11,17.65714285714286
36,39.0,0.8348931673187264,0.0005918532764413753,39,18.25
37,20.0,0.8307187014821328,0.000591223304218147,20,18.2972972972973
38,14.0,0.8265651079747222,0.0005129408631806395,14,18.18421052631579
39,10.0,0.8224322824348486,0.0005028253595810384,10,17.974358974358974
40,16.0,0.8183201210226743,0.0006504161401608144,16,17.925
41,14.0,0.8142285204175609,0.0005684211563285706,14,17.829268292682926
42,11.0,0.810157377815473,0.0006607501444787803,11,17.666666666666668
43,10.0,0.8061065909263957,0.0005700285750208422,10,17.488372093023255
44,9.0,0.8020760579717637,0.0007423583140027606,9,17.295454545454547
45,13.0,0.798065677681905,0.000615116649826702,13,17.2
46,11.0,0.7940753492934954,0.0006380963366775012,11,17.065217391304348
47,12.0,0.7901049725470279,0.0005383000146442404,12,16.95744680851064
48,11.0,0.7861544476842928,0.0006462275764947249,11,16.833333333333332
49,29.0,0.7822236754458713,0.0005509799922382908,29,17.081632653061224
50,11.0,0.778312557068642,0.0005255437546028671,11,16.96
51,16.0,0.7744209942832988,0.0006484089608420618,16,16.941176470588236
52,12.0,0.7705488893118823,0.0005947285014068863,12,16.846153846153847
53,13.0,0.7666961448653229,0.0006003604178728822,13,16.77358490566038
54,31.0,0.7628626641409962,0.0005885232643659917,31,17.037037037037038
55,23.0,0.7590483508202912,0.0005291277838810145,23,17.145454545454545
56,9.0,0.7552531090661897,0.0004220496436270575,9,17.0
57,13.0,0.7514768435208588,0.0005825327445143977,13,16.92982456140351
58,20.0,0.7477194593032545,0.0005288275278871879,20,16.982758620689655
59,11.0,0.7439808620067382,0.000537678117821501,11,16.88135593220339
60,11.0,0.7402609576967045,0.0004281037386549129,11,16.783333333333335
61,30.0,0.736559652908221,0.0005151491228995534,30,17.0
62,16.0,0.7328768546436799,0.0005061315914645093,16,16.983870967741936
63,11.0,0.7292124703704616,0.08645207024528645,11,16.88888888888889
64,17.0,0.7255664080186093,0.32908670407007723,17,16.890625
65,16.0,0.7219385759785162,0.07633403717773035,16,16.876923076923077
66,12.0,0.7183288830986236,0.061505744233727455,12,16.803030303030305
67,18.0,0.7147372386831305,0.05969598754826519,18,16.82089552238806
68,18.0,0.7111635524897149,0.04487818686498536,18,16.83823529411765
69,41.0,0.7076077347272662,0.0463630111388317,41,17.18840579710145
70,16.0,0.7040696960536299,0.03897431737277657,16,17.17142857142857
71,36.0,0.7005493475733617,0.03954570455890563,36,17.43661971830986
72,10.0,0.697046600835495,0.03743733209557831,10,17.333333333333332
73,10.0,0.6935613678313175,0.04225006345659495,10,17.232876712328768
74,19.0,0.6900935609921609,0.044792518117710164,19,17.256756756756758
75,36.0,0.6866430931872001,0.03676530998200178,36,17.506666666666668
76,9.0,0.6832098777212641,0.04021753784683016,9,17.394736842105264
77,14.0,0.6797938283326578,0.034603811401341646,14,17.350649350649352
78,12.0,0.6763948591909945,0.03594694387478133,12,17.28205128205128
79,15.0,0.6730128848950395,0.032111327474315964,15,17.253164556962027
80,13.0,0.6696478204705644,0.036764578750500314,13,17.2
81,9.0,0.6662995813682115,0.03654057439416647,9,17.098765432098766
82,14.0,0.6629680834613705,0.036737955175340176,14,17.0609756097561
83,14.0,0.6596532430440636,0.03049040412796395,14,17.02409638554217
84,17.0,0.6563549768288433,0.036797983462319654,17,17.023809523809526
85,10.0,0.653073201944699,0.039272109512239695,10,16.941176470588236
86,41.0,0.6498078359349755,0.03496451455554584,41,17.22093023255814
87,41.0,0.6465587967553006,0.032507810344147244,41,17.49425287356322
88,10.0,0.6433260027715241,0.030913573689758778,10,17.40909090909091
89,12.0,0.6401093727576664,0.03267057938501239,12,17.348314606741575
90,23.0,0.6369088258938781,0.03343426193232122,23,17.41111111111111
91,15.0,0.6337242817644086,0.029915328944722812,15,17.384615384615383
92,18.0,0.6305556603555866,0.03275045856005616,18,17.391304347826086
93,12.0,0.6274028820538087,0.028334264915126067,12,17.333333333333332
94,10.0,0.6242658676435396,0.02605885798111558,10,17.25531914893617
95,15.0,0.6211445383053219,0.027799154942234356,15,17.231578947368423
96,20.0,0.6180388156137953,0.02654155855998397,20,17.260416666666668
97,8.0,0.6149486215357263,0.03096411272417754,8,17.164948453608247
98,13.0,0.6118738784280476,0.03886541881813453,13,17.122448979591837
99,11.0,0.6088145090359074,0.031693028286099434,11,17.060606060606062
100,8.0,0.6057704364907278,0.02831301954574883,8,16.97
101,10.0,0.6027415843082742,0.028515674732625486,10,16.79
102,21.0,0.5997278763867329,0.027355816303974108,21,16.9
103,16.0,0.5967292370047992,0.026388653728645295,16,16.86
104,10.0,0.5937455908197752,0.025221359729766846,10,16.86
105,10.0,0.5907768628656763,0.027528734225779772,10,16.69
106,13.0,0.5878229785513479,0.02281270591685405,13,16.48
107,17.0,0.5848838636585911,0.03202027822022929,17,16.47
108,9.0,0.5819594443402982,0.028706912365224626,9,16.42
109,15.0,0.5790496471185967,0.02654235971470674,15,16.41
110,15.0,0.5761543988830038,0.025740108639001846,15,16.3
111,46.0,0.5732736268885887,0.028308816163031304,46,16.6
112,11.0,0.5704072587541458,0.027059949934482574,11,16.54
113,12.0,0.567555222460375,0.022530723246745765,12,16.48
114,9.0,0.5647174463480732,0.030722211839424238,9,16.38
115,14.0,0.5618938591163328,0.027390476848397936,14,16.36
116,12.0,0.5590843898207511,0.02597338504468401,12,16.29
117,8.0,0.5562889678716474,0.02504329546354711,8,16.22
118,18.0,0.5535075230322891,0.02588937589381304,18,16.31
119,10.0,0.5507399854171277,0.02956254854798317,10,16.25
120,12.0,0.547986285490042,0.025216354600464303,12,16.27
121,19.0,0.5452463540625918,0.028552908303314133,19,16.37
122,13.0,0.5425201222922789,0.02624487167654129,13,16.35
123,12.0,0.5398075216808175,0.024218145680303376,12,16.27
124,9.0,0.5371084840724134,0.021943976792196434,9,16.25
125,18.0,0.5344229416520513,0.02671914894340767,18,16.32
126,18.0,0.531750826943791,0.3392497576359246,18,16.31
127,11.0,0.5290920728090721,0.14812948419289154,11,16.31
128,19.0,0.5264466124450268,0.05505545407925781,19,16.34
129,11.0,0.5238143793828016,0.057390247894959015,11,16.24
130,59.0,0.5211953074858876,0.052226460286242476,59,16.15
131,27.0,0.5185893309484582,0.05565871981283029,27,16.32
132,28.0,0.5159963842937159,0.041892907016777566,28,16.45
133,9.0,0.5134164023722473,0.02848023290021552,9,16.4
134,11.0,0.510849320360386,0.05261393128470941,11,16.42
135,11.0,0.5082950737585841,0.0489687899296934,11,16.42
136,15.0,0.5057535983897912,0.05371536947786808,15,16.18
137,24.0,0.5032248303978422,0.041791921753125884,24,16.22
138,13.0,0.500708706245853,0.03571317738925035,13,16.21
139,27.0,0.4982051627146237,0.04689451765820936,27,16.38
140,13.0,0.49571413690105054,0.05858260156730047,13,16.35
141,19.0,0.4932355662165453,0.04355194292178279,19,16.4
142,11.0,0.4907693883854626,0.046179044991731644,11,16.4
143,14.0,0.4883155414435353,0.03993115933345897,14,16.44
144,8.0,0.4858739637363176,0.06180255627259612,8,16.43
145,15.0,0.483444593917636,0.052476015066107114,15,16.45
146,14.0,0.4810273709480478,0.05244043682302747,14,16.48
147,44.0,0.47862223409330756,0.044516018126159906,44,16.8
148,25.0,0.47622912292284103,0.03559286419302225,25,16.94
149,10.0,0.4738479773082268,0.051740304194390775,10,16.75
150,10.0,0.47147873742168567,0.04125964343547821,10,16.74
151,23.0,0.46912134373457726,0.04451554971139716,23,16.81
152,14.0,0.46677573701590436,0.025556441995182207,14,16.83
153,9.0,0.46444185833082485,0.04411586022211446,9,16.79
154,13.0,0.46211964903917074,0.0493598748356677,13,16.61
155,28.0,0.4598090507939749,0.03426419966854155,28,16.66
156,32.0,0.457510005540005,0.03156113839941099,32,16.89
157,15.0,0.45522245551230495,0.03930863334486882,15,16.91
158,9.0,0.4529463432347434,0.03181985237946113,9,16.8
159,20.0,0.4506816115185697,0.036096576135605574,20,16.89
160,11.0,0.4484282034609769,0.03757895300672813,11,16.89
161,43.0,0.446186062443672,0.03486551933510359,43,17.02
162,11.0,0.4439551321314536,0.04399685637856072,11,16.97
163,10.0,0.4417353564707963,0.042504961043596266,10,16.96
164,13.0,0.43952667968844233,0.034379711661201254,13,16.92
165,10.0,0.43732904629000013,0.0434076308272779,10,16.86
166,13.0,0.4351424010585501,0.03420261217531963,13,16.87
167,10.0,0.43296668905325736,0.03575448533520102,10,16.79
168,10.0,0.43080185560799106,0.030933288391679525,10,16.71
169,12.0,0.4286478463299511,0.05755332764238119,12,16.42
170,12.0,0.42650460709830135,0.05167382815852761,12,16.38
171,12.0,0.42437208406280985,0.03304326697252691,12,16.14
172,15.0,0.4222502236424958,0.044887374776105084,15,16.19
173,19.0,0.42013897252428334,0.04081786874877779,19,16.28
174,15.0,0.4180382776616619,0.03673726146419843,15,16.24
175,52.0,0.4159480862733536,0.03524442752285932,52,16.4
176,18.0,0.41386834584198684,0.03826273149914212,18,16.49
177,13.0,0.4117990041127769,0.04035338716438183,13,16.48
178,18.0,0.40974000909221303,0.03764512896628326,18,16.54
179,21.0,0.40769130904675194,0.049438114588459335,21,16.6
180,14.0,0.40565285250151817,0.03547727423054831,14,16.61
181,55.0,0.4036245882390106,0.16506884160705587,55,17.07
182,47.0,0.4016064652978155,0.05442889480593991,47,17.4
183,58.0,0.3995984329713264,0.0498303881493108,58,17.84
184,45.0,0.3976004408064698,0.03550640414986345,45,18.12
185,56.0,0.39561243860243744,0.04908997838252357,56,18.58
186,10.0,0.3936343764094253,0.039098404534161094,10,18.27
187,41.0,0.39166620452737816,0.04516507471093863,41,18.27
188,25.0,0.3897078735047413,0.045827692076563835,25,18.42
189,34.0,0.3877593341372176,0.04030300495351719,34,18.64
190,56.0,0.3858205374665315,0.05040211499103212,56,18.97
191,63.0,0.38389143477919885,0.04523899673025996,63,19.45
192,11.0,0.3819719776053028,0.045351051217453045,11,19.38
193,39.0,0.3800621177172763,0.049542505317964614,39,19.65
194,40.0,0.37816180712868996,0.053879468457307664,40,19.95
195,35.0,0.37627099809304654,0.03290365360278104,35,20.15
196,12.0,0.3743896431025813,0.028978826943784952,12,20.07
197,11.0,0.37251769488706843,0.037945824759927665,11,20.1
198,59.0,0.3706551064126331,0.04441658798920906,59,20.56
199,79.0,0.36880183088056995,0.04412480446663272,79,21.24
200,43.0,0.3669578217261671,0.03546476029509375,43,21.59
201,9.0,0.36512303261753626,0.038057240243587226,9,21.58
202,58.0,0.3632974174544486,0.04956924065080439,58,21.95
203,81.0,0.3614809303671764,0.03738114917880775,81,22.6
204,49.0,0.3596735257153405,0.044329602100259186,49,22.99
205,44.0,0.3578751580867638,0.21885556256694888,44,23.33
206,41.0,0.35608578229633,0.0553921859756839,41,23.61
207,45.0,0.3543053533848483,0.06647872862716515,45,23.89
208,116.0,0.35253382661792404,0.059387301853536786,116,24.96
209,74.0,0.3507711574848344,0.06314748215388406,74,25.55
210,37.0,0.34901730169741024,0.06464926075391672,37,25.77
211,20.0,0.3472722151889232,0.05931275263428688,20,25.51
212,30.0,0.3455358541129786,0.06200278193379442,30,25.7
213,40.0,0.3438081748424137,0.06634633289650083,40,25.98
214,66.0,0.3420891339682016,0.06812263529917056,66,26.55
215,40.0,0.3403786882983606,0.057042557583190504,40,26.81
216,94.0,0.3386767948568688,0.05798288431771575,94,27.63
217,79.0,0.33698341088258443,0.0779675597478223,79,28.34
218,50.0,0.3352984938281715,0.059353113919496533,50,28.66
219,56.0,0.33362200135903064,0.05059762392193079,56,29.12
220,76.0,0.33195389135223546,0.055795590791508164,76,29.76
221,31.0,0.3302941218954743,0.07584066310476872,31,29.88
222,83.0,0.32864265128599696,0.11345023141208901,83,30.58
223,44.0,0.326999438029567,0.12524676276370883,44,30.9
224,111.0,0.3253644408394192,0.09251833153334824,111,31.92
225,94.0,0.3237376186352221,0.09841053699083785,94,32.68
226,40.0,0.322118930542046,0.06962499853689223,40,32.9
227,97.0,0.32050833588933575,0.07698184886428806,97,33.76
228,121.0,0.31890579420988907,0.07972374817833675,121,34.78
229,13.0,0.3173112652388396,0.07031864429322573,13,34.8
230,47.0,0.3157247089126454,0.06764503875549169,47,34.68
231,52.0,0.3141460853680822,0.08821399997060116,52,34.93
232,99.0,0.3125753549412418,0.07056364562889242,99,35.64
233,96.0,0.31101247816653554,0.10251237542252056,96,36.51
234,107.0,0.30945741577570285,0.07531385888806849,107,37.47
235,118.0,0.3079101286968243,0.12359374636878907,118,38.54
236,86.0,0.3063705780533402,0.12479077948820452,86,39.25
237,115.0,0.30483872516307353,0.1369669958949089,115,40.16
238,99.0,0.3033145315372582,0.09169812095022262,99,41.02
239,82.0,0.3017979588795719,0.11590790741781636,82,41.57
240,73.0,0.30028896908517405,0.09749957212336259,73,42.17
241,69.0,0.2987875242397482,0.13436185138003118,69,42.67
242,85.0,0.29729358661854943,0.08617293598568615,85,43.41
243,91.0,0.29580711868545667,0.10568827405510532,91,44.18
244,78.0,0.2943280830920294,0.12390558944585231,78,44.88
245,85.0,0.29285644267656924,0.10106319748413037,85,45.58
246,71.0,0.2913921604631864,0.11324513024768569,71,46.15
247,99.0,0.28993519966087045,0.2145573813280072,99,46.7
248,92.0,0.2884855236625661,0.17190946429036558,92,47.37
249,93.0,0.28704309604425327,0.1551481126757559,93,48.2
250,109.0,0.285607880564032,0.14381803544836308,109,49.19
251,101.0,0.28417984116121187,0.16356390186281192,101,49.97
252,110.0,0.2827589419554058,0.143679618623785,110,50.93
253,97.0,0.28134514724562876,0.16109487639029615,97,51.81
254,116.0,0.2799384215094006,0.14394175906761966,116,52.84
255,103.0,0.27853872940185365,0.16523000606995764,103,53.59
256,102.0,0.27714603575484437,0.17764736163229042,102,54.29
257,125.0,0.2757603055760701,0.24935800649225712,125,55.39
258,122.0,0.2743815040481898,0.21995148000108902,122,56.52
259,104.0,0.2730095965279488,0.2087711863613759,104,57.36
260,51.0,0.27164454854530906,0.18492008490013143,51,57.76
261,20.0,0.2702863258025825,0.23048916980624198,20,57.53
262,128.0,0.2689348941735696,0.16797198841231875,128,58.7
263,97.0,0.26759021970270175,0.16249726937373274,97,59.57
264,116.0,0.2662522686041882,0.18091686935453066,116,60.6
265,59.0,0.2649210072611673,0.15564921438315157,59,61.09
266,51.0,0.26359640222486147,0.19607838506207748,51,61.47
267,118.0,0.26227842021373715,0.14255096640248419,118,62.55
268,111.0,0.2609670281126685,0.23354249755507922,111,63.56
269,11.0,0.25966219297210513,0.23418546874414792,11,63.55
270,109.0,0.2583638820072446,0.23429507960420137,109,64.52
271,108.0,0.2570720625972084,0.21323399917498506,108,65.48
272,116.0,0.25578670228422234,0.211312269695617,116,66.49
273,64.0,0.25450776877280124,0.192098096726113,64,66.94
274,128.0,0.2532352299289372,0.23351148956135148,128,68.07
275,140.0,0.2519690537792925,0.2139284620460655,140,68.95
276,116.0,0.2507092085103961,0.21467389033882525,116,69.93
277,108.0,0.2494556624678441,0.23101696724727475,108,70.88
278,144.0,0.24820838415550486,0.25561252501534504,144,72.14
279,79.0,0.24696734223472733,0.3045622473936292,79,72.72
280,132.0,0.2457325055235537,0.24930260978131133,132,73.9
281,20.0,0.24450384299593592,0.2125363671220839,20,73.55
282,55.0,0.24328132378095624,0.18714622360738842,55,73.63
283,98.0,0.24206491716205145,0.21217591821083,98,74.03
284,95.0,0.2408545925762412,0.28031047928686204,95,74.53
285,110.0,0.23965031961336,0.24396137271753765,110,75.07
286,118.0,0.2384520680152932,0.19411681380943727,118,76.15
287,86.0,0.23725980767521673,0.2764327992078697,86,76.6
288,93.0,0.23607350863684065,0.36202302644209516,93,77.28
289,142.0,0.23489314109365644,0.25483925178856914,142,78.36
290,77.0,0.23371867538818816,0.29869874980445804,77,78.57
291,232.0,0.23255008201124722,0.26712070209985794,232,80.26
292,156.0,0.231387331601191,0.350161710425686,156,81.71
293,154.0,0.23023039494318503,0.28694628041189213,154,82.86
294,121.0,0.2290792429684691,0.29833829759289165,121,83.67
295,163.0,0.22793384675362674,0.3049269186938467,163,84.95
296,205.0,0.22679417751985861,0.2958259738163977,205,86.88
297,170.0,0.22566020663225933,0.28168865842744706,170,88.47
298,71.0,0.22453190559909803,0.2641550532581521,71,88.59
299,139.0,0.22340924607110255,0.34845541877564873,139,89.19
300,69.0,0.22229219984074702,0.265357722973694,69,89.45
301,105.0,0.2211807388415433,0.39230250751688367,105,90.41
302,118.0,0.22007483514733558,0.2863964159120569,118,91.01
303,103.0,0.2189744609715989,0.379136306251788,103,91.23
304,94.0,0.2178795886667409,0.36809110815854784,94,91.68
305,95.0,0.2167901907234072,0.3345902844871345,95,92.19
306,82.0,0.21570623976979014,0.3738362951340472,82,92.6
307,190.0,0.21462770857094118,0.3698718207692237,190,94.05
308,88.0,0.21355457002808648,0.5459110025443475,88,93.77
309,83.0,0.21248679717794605,0.3120544944182936,83,93.86
310,347.0,0.21142436319205632,0.45179023006286806,347,96.96
311,99.0,0.21036724137609603,0.5907264537544865,99,97.75
312,65.0,0.20931540516921554,0.8580772815128932,65,98.1
313,167.0,0.20826882814336947,0.501426483482167,167,99.37
314,123.0,0.20722748400265262,0.4155680070805356,123,99.94
315,109.0,0.20619134658263935,0.5370982185074495,109,100.63
316,107.0,0.20516038984972615,0.6509797793647675,107,100.76
317,85.0,0.2041345879004775,0.49116480023983644,85,100.82
318,101.0,0.2031139149609751,0.7066759328994126,101,101.33
319,14.0,0.20209834538617025,0.5625153396810804,14,100.91
320,103.0,0.2010878536592394,0.677474060014469,103,101.18
321,126.0,0.2000824143909432,0.5343908598158686,126,102.13
322,82.0,0.19908200231898848,0.9631274624886673,82,102.12
323,89.0,0.19808659230739353,0.6196058375363269,89,102.57
324,94.0,0.19709615934585656,0.7312604586465007,94,102.4
325,107.0,0.19611067854912728,0.6088803649888695,107,102.53
326,80.0,0.19513012515638165,0.6151564498082734,80,102.93
327,87.0,0.19415447453059972,0.7266350274841333,87,102.83
328,94.0,0.19318370215794672,0.8063045501154154,94,102.56
329,125.0,0.192217783647157,0.9327260017991066,125,103.68
330,156.0,0.1912566947289212,0.6767455597097675,156,104.77
331,12.0,0.1903004112552766,0.8791067060083151,12,104.37
332,118.0,0.18934890919900021,0.6467916355547259,118,104.56
333,108.0,0.18840216465300522,0.7932036350636432,108,104.68
334,103.0,0.18746015382974018,0.6370768199756163,103,104.64
335,114.0,0.1865228530605915,0.6985732725445639,114,104.6
336,112.0,0.18559023879528855,0.576515493981008,112,104.86
337,113.0,0.1846622876013121,0.531689764255971,113,104.84
338,103.0,0.18373897616330553,0.5451260969151281,103,104.88
339,107.0,0.182820281282489,0.5398306471826596,107,105.13
340,112.0,0.18190617987607657,0.7524948631928835,112,105.52
341,80.0,0.18099664897669618,0.57855819480028,80,105.63
342,125.0,0.1800916657318127,0.5359110093414784,125,106.03
343,121.0,0.17919120740315364,0.6601651282673163,121,106.33
344,61.0,0.17829525136613786,0.8340973113892508,61,106.16
345,106.0,0.17740377510930716,0.7509904612154471,106,106.37
346,169.0,0.17651675623376062,0.6489540657755979,169,107.35
347,159.0,0.1756341724525918,0.6039283199692672,159,107.95
348,112.0,0.17475600159032884,0.7686798367649317,112,108.15
349,105.0,0.17388222158237718,0.9024384367146663,105,108.27
350,114.0,0.1730128104744653,0.7764416348532235,114,108.32
351,209.0,0.17214774642209296,0.7098610976479199,209,109.4
352,118.0,0.1712870076899825,0.40961035313400423,118,109.48
353,108.0,0.17043057265153258,1.0562095471174904,108,109.59
354,113.0,0.16957841978827493,0.9099964785958286,113,109.56
355,143.0,0.16873052768933355,0.656576251344091,143,109.96
356,116.0,0.1678868750508869,0.8031370490066836,116,110.1
357,117.0,0.16704744067563246,0.7561341150639913,117,110.02
358,109.0,0.1662122034722543,0.5326117173247381,109,109.89
359,114.0,0.16538114245489302,0.9415907667819083,114,109.99
360,109.0,0.16455423674261854,0.7103231903080136,109,110.57
361,164.0,0.16373146555890544,0.7367133406592851,164,112.01
362,101.0,0.16291280823111093,0.8897556849838336,101,111.74
363,113.0,0.16209824418995536,0.6878584791304527,113,111.9
364,27.0,0.16128775296900558,0.23418015517570354,27,111.01
365,111.0,0.16048131420416054,0.6387879723297046,111,111.53
366,111.0,0.15967890763313974,0.7654936082812177,111,112.13
367,130.0,0.15888051309497406,0.8564841710890715,130,112.25
368,114.0,0.1580861105294992,0.7145390192112118,114,112.28
369,15.0,0.1572956799768517,0.9645501328011353,15,112.32
370,111.0,0.15650920157696743,0.8314241677405195,111,112.34
371,18.0,0.1557266555690826,2.600682278888093,18,111.44
372,16.0,0.1549480222912372,0.5103119869017974,16,110.44
373,186.0,0.15417328217978102,0.6404477497813121,186,111.66
374,121.0,0.1534024157688821,0.9791465678544761,121,111.59
375,131.0,0.1526354036900377,0.9900141319771874,131,111.5
376,46.0,0.1518722266715875,0.6022709194854226,46,110.8
377,70.0,0.15111286553822956,0.8732791423531515,70,110.42
378,120.0,0.15035730121053842,1.1677071646787227,120,110.18
379,117.0,0.14960551470448571,1.0916905378301938,117,110.56
380,116.0,0.14885748713096328,0.6053404614232994,116,110.4
381,80.0,0.14811319969530845,0.8351391117204912,80,111.0
382,115.0,0.1473726336968319,1.2400135101264587,115,111.6
383,135.0,0.14663577052834775,0.6627508672437182,135,111.97
384,134.0,0.14590259167570602,0.6400644831609592,134,112.36
385,18.0,0.1451730787173275,2.0419324577475586,18,111.44
386,118.0,0.14444721332374086,0.8947349222124381,118,111.44
387,115.0,0.14372497725712216,1.09771676743808,115,111.73
388,118.0,0.14300635237083656,1.4057491169611023,118,111.98
389,114.0,0.14229132060898236,0.9047596475207492,114,111.7
390,116.0,0.14157986400593744,1.0831977008392328,116,112.09
391,168.0,0.14087196468590776,0.7994907313259318,168,111.45
392,135.0,0.14016760486247823,1.1540158876252395,135,111.24
393,111.0,0.13946676683816583,0.5755224987478541,111,110.81
394,116.0,0.138769433003975,1.4839814349944735,116,110.76
395,122.0,0.13807558583895513,0.9809124857935383,122,110.35
396,114.0,0.13738520790976036,1.0381698614607255,114,109.44
397,181.0,0.13669828187021155,0.7263280911813619,181,109.55
398,116.0,0.13601479046086049,1.3164095587161337,116,110.0
399,223.0,0.1353347165085562,0.7166840048849316,223,110.84
400,89.0,0.1346580429260134,1.0896941214548739,89,111.04
401,142.0,0.13398475271138335,1.0992392684123151,142,111.41
402,259.0,0.13331482894782642,0.8783957375803222,259,112.82
403,176.0,0.13264825480308728,0.5469461699884216,176,113.55
404,117.0,0.13198501352907185,0.6772359026054668,117,113.78
405,286.0,0.1313250884614265,0.543105225414168,286,115.69
406,135.0,0.13066846301911936,0.6048067166297524,135,116.22
407,136.0,0.13001512070402377,0.5951982133145279,136,115.68
408,140.0,0.12936504510050365,0.3522237033516701,140,116.2
409,117.0,0.12871821987500112,0.5376425822480366,117,116.54
410,128.0,0.12807462877562611,0.5306131709003239,128,114.35
411,115.0,0.12743425563174798,0.505502142149793,115,114.51
412,184.0,0.12679708435358925,0.5724942672076514,184,115.7
413,131.0,0.1261630989318213,0.4002545112601787,131,115.34
414,193.0,0.1255322834371622,0.8183244849540718,193,116.04
415,211.0,0.12490462201997637,0.4595356690013225,211,117.06
416,474.0,0.1242800989098765,0.4944476135593804,474,120.73
417,173.0,0.12365869841532712,0.48252442167436627,173,121.61
418,190.0,0.12304040492325048,0.4592264907042447,190,122.5
419,218.0,0.12242520289863423,0.6648544458471615,218,124.54
420,129.0,0.12181307688414106,0.6589198108733625,129,124.8
421,104.0,0.12120401149972035,0.5001381913361211,104,124.58
422,195.0,0.12059799144222175,0.37237941423574317,195,125.71
423,197.0,0.11999500148501063,0.5335750772953411,197,126.79
424,118.0,0.11939502647758558,0.34332152175069863,118,127.03
425,123.0,0.11879805134519765,0.4423223635090924,123,127.19
426,114.0,0.11820406108847166,0.1877680462008963,114,127.53
427,15.0,0.1176130407830293,0.06779360361397266,15,126.81
428,108.0,0.11702497557911415,0.5047885844466725,108,126.95
429,78.0,0.11643985070121858,0.15015255360123822,78,126.48
430,110.0,0.11585765144771248,0.7986404443583028,110,126.02
431,127.0,0.11527836319047392,0.4673412332061942,127,127.17
432,127.0,0.11470197137452155,0.2925608926929357,127,127.26
433,113.0,0.11412846151764894,0.8462968143609773,113,127.31
434,94.0,0.1135578192100607,0.5562278095612976,94,127.22
435,121.0,0.11299003011401039,0.5366024269514587,121,127.29
436,138.0,0.11242507996344034,0.6572912837095235,138,127.55
437,133.0,0.11186295456362313,0.48003907614436586,133,127.75
438,122.0,0.11130363979080501,0.5267443733259303,122,127.94
439,85.0,0.11074712159185099,0.5369393587112427,85,127.72
440,159.0,0.11019338598389174,0.5019343782263169,159,128.19
441,122.0,0.10964241905397228,0.6795456290901563,122,128.61
442,112.0,0.10909420695870241,0.5430671479885599,112,128.48
443,104.0,0.1085487359239089,0.44692628583064875,104,128.31
444,107.0,0.10800599224428936,0.4046498661965271,107,128.77
445,102.0,0.10746596228306791,0.4250671159311691,102,128.73
446,102.0,0.10692863247165257,0.2682783367002712,102,128.06
447,106.0,0.1063939893092943,0.42758189664521024,106,127.53
448,107.0,0.10586201936274783,0.2450074901473578,107,127.48
449,103.0,0.10533270926593409,0.24795502227125238,103,127.46
450,103.0,0.10480604571960442,0.2290979505435211,103,127.35
451,9.0,0.1042820154910064,0.0647937607847982,9,125.35
452,105.0,0.10376060541355137,0.34609170516154597,105,125.22
453,110.0,0.1032418023864836,0.41912369927899407,110,125.24
454,109.0,0.10272559337455119,0.3115766640291165,109,125.2
455,113.0,0.10221196540767843,0.1907248763631271,113,124.9
456,112.0,0.10170090558064004,0.15280256534294626,112,124.86
457,109.0,0.10119240105273684,0.20178534510895746,109,124.78
458,106.0,0.10068643904747315,0.13114277990798484,106,124.75
459,112.0,0.10018300685223579,0.3646871659439057,112,124.73
460,105.0,0.0996820918179746,0.3009529079887129,105,124.69
461,112.0,0.09918368135888474,0.3531944891437888,112,124.17
462,110.0,0.09868776295209031,0.176329105169597,110,124.26
463,114.0,0.09819432413732986,0.29217310769385413,114,124.27
464,132.0,0.09770335251664321,0.0707379518231998,132,125.32
465,106.0,0.09721483575406,0.2316055585199721,106,125.27
466,131.0,0.09672876157528969,0.4296571167065044,131,125.47
467,107.0,0.09624511776741324,0.11832066802046845,107,125.24
468,9.0,0.09576389217857617,0.05244575751324495,9,124.19
469,134.0,0.09528507271768329,0.2786743324840747,134,125.38
470,114.0,0.09480864735409487,0.32651264336483,114,125.41
471,116.0,0.0943346041173244,0.30636304111123597,116,126.39
472,110.0,0.09386293109673778,0.10216469947164032,110,127.33
473,107.0,0.09339361644125409,0.12159388564596667,107,126.54
474,108.0,0.09292664835904782,0.12013821636274871,108,126.41
475,113.0,0.09246201511725258,0.1784200694337817,113,126.23
476,117.0,0.09199970504166631,0.2070381469451464,117,126.94
477,118.0,0.09153970651645797,0.39357939274721165,118,127.42
478,111.0,0.09108200798387568,0.2729312804368165,111,127.33
479,112.0,0.0906265979439563,0.3739564444445672,112,127.28
480,11.0,0.09017346495423652,0.05833287909626961,11,126.23
481,99.0,0.08972259762946533,0.3992879020680457,99,126.42
482,84.0,0.089273984641318,0.5788468313791478,84,126.11
483,120.0,0.0888276147181114,0.44803790961159395,120,125.96
484,131.0,0.08838347664452084,0.31341685628063465,131,125.93
485,139.0,0.08794155926129824,0.37816807585801904,139,127.14
486,125.0,0.08750185146499175,0.49539200267381966,125,127.21
487,119.0,0.08706434220766679,0.342302419943735,119,127.25
488,136.0,0.08662902049662846,0.3465484115363592,136,127.43
489,86.0,0.08619587539414532,0.6157566285854595,86,127.15
490,143.0,0.08576489601717459,0.2957840743181589,143,127.42
491,135.0,0.08533607153708872,0.667557212644843,135,127.09
492,131.0,0.08490939117940327,0.19333745620590242,131,127.05
493,124.0,0.08448484422350626,0.587481590624403,124,127.18
494,132.0,0.08406242000238873,0.6171626638846867,132,127.34
495,158.0,0.08364210790237678,0.5343080204557863,158,127.7
496,11.0,0.0832238973628649,0.7898772584105079,11,126.67
497,86.0,0.08280777787605056,0.31758729752889553,86,125.72
498,132.0,0.08239373898667031,0.7399691884180136,132,125.88
499,158.0,0.08198177029173696,0.5032604207561787,158,125.23
500,161.0,0.08157186144027828,0.43664201022912486,161,125.95
501,125.0,0.0811640021330769,0.5911435217484832,125,125.78
502,25.0,0.08075818212241151,0.02034265110269189,25,123.44
503,151.0,0.08035439121179945,0.5166454223533538,151,123.19
504,98.0,0.07995261925574046,0.9245743732376747,98,123.0
505,158.0,0.07955285615946175,0.8614463319506827,158,121.72
506,119.0,0.07915509187866444,0.5246776067103971,119,121.56
507,134.0,0.07875931641927113,0.7428157723147366,134,121.54
508,154.0,0.07836551983717477,0.8476499330657595,154,121.68
509,105.0,0.07797369223798889,0.5175553826615215,105,121.56
510,93.0,0.07758382377679894,1.1796269776369694,93,121.21
511,169.0,0.07719590465791494,0.3947894556142015,169,121.75
512,152.0,0.07680992513462537,1.1240330126020126,152,121.43
513,132.0,0.07642587550895225,0.8583350365533438,132,121.44
514,131.0,0.07604374613140748,1.089560080692883,131,120.82
515,117.0,0.07566352740075044,0.8457930563037626,117,119.88
516,118.0,0.07528520976374668,0.2980265703873109,118,116.32
517,110.0,0.07490878371492794,0.5117849077733064,110,115.69
518,114.0,0.0745342397963533,0.5591997957866018,114,114.93
519,117.0,0.07416156859737154,0.4046873315774764,117,113.92
520,116.0,0.07379076075438468,0.8181874547233998,116,113.79
521,86.0,0.07342180695061275,0.5648805170298316,86,113.61
522,110.0,0.07305469791585968,1.0997894669628956,110,112.76
523,109.0,0.07268942442628039,0.297943177440742,109,111.88
524,113.0,0.07232597730414898,0.7598136478820733,113,111.83
525,111.0,0.07196434741762824,0.9414177013410104,111,111.71
526,87.0,0.0716045256805401,0.5761552501266458,87,111.44
527,107.0,0.0712465030521374,0.5019439659973555,107,112.36
528,108.0,0.0708902705368767,0.6474730261015119,108,112.36
529,112.0,0.07053581918419231,0.8772203728461007,112,112.7
530,115.0,0.07018314008827135,0.7642300314593898,115,112.75
531,102.0,0.06983222438783,1.3949868297067416,102,112.5
532,99.0,0.06948306326589085,0.5979952018783249,99,112.22
533,106.0,0.0691356479495614,0.7085130935323969,106,112.15
534,108.0,0.06878996970981359,0.42394988004687345,108,112.29
535,106.0,0.06844601986126451,0.7440405168377284,106,112.14
536,103.0,0.06810378976195819,0.8045116662572237,103,111.79
537,71.0,0.0677632708131484,0.8489967512924381,71,111.17
538,102.0,0.06742445445908266,0.6306276728636494,102,110.97
539,100.0,0.06708733218678724,0.4118012603465468,100,111.12
540,107.0,0.0667518955258533,1.185530157185325,107,110.6
541,106.0,0.06641813604822402,1.0929308361813146,106,110.44
542,102.0,0.0660860453679829,0.7607677754781702,102,110.34
543,115.0,0.06575561514114299,0.6498455651266419,115,110.45
544,115.0,0.06542683706543727,1.193803469273869,115,110.53
545,104.0,0.06509970288011008,0.5400481912611912,104,110.55
546,107.0,0.06477420436570952,0.9239084749856842,107,110.6
547,109.0,0.06445033334388098,1.4450757812661623,109,110.63
548,122.0,0.06412808167716157,0.8680815814353037,122,110.78
549,110.0,0.06380744126877576,0.5081545280038633,110,110.85
550,116.0,0.06348840406243188,0.8174487726726762,116,110.98
551,144.0,0.06317096204211972,0.4921802706764235,144,112.33
552,152.0,0.06285510723190912,0.3303622177795899,152,112.8
553,140.0,0.06254083169574957,1.0482723166833499,140,113.1
554,163.0,0.062228127537270826,0.8920746139804918,163,113.64
555,143.0,0.06191698689958447,0.9420296235101207,143,113.94
556,148.0,0.061607401965086545,0.48031349714084,148,114.3
557,154.0,0.06129936495526111,0.7755067269952799,154,114.75
558,140.0,0.0609928681304848,0.6191866598225065,140,115.09
559,125.0,0.060687903789832374,0.9524885991178453,125,115.22
560,134.0,0.06038446427088321,0.3838195768323963,134,115.51
561,129.0,0.06008254194952879,0.2258202407126452,129,115.68
562,152.0,0.05978212923978115,0.9532898704484595,152,116.1
563,145.0,0.05948321859358224,0.3972539409079814,145,116.41
564,137.0,0.05918580250061433,0.4696167528758465,137,116.46
565,408.0,0.058889873488111255,0.8760515272676689,408,119.48
566,210.0,0.058595424120670696,0.6739809917973443,210,120.27
567,373.0,0.05830244700006734,1.0678655922665055,373,122.93
568,208.0,0.058010934765067,0.5518860309922065,208,124.92
569,194.0,0.05772088009124167,0.8244361396778145,194,125.52
570,154.0,0.05743227569078546,1.37533300913955,154,125.92
571,196.0,0.05714511431233153,0.6535327938261765,196,126.72
572,151.0,0.05685938874076987,0.8532459635922797,151,127.13
573,179.0,0.056575091797066025,0.46118589127228166,179,127.85
574,500.0,0.056292216338080694,0.5663501354912296,500,131.77
575,152.0,0.05601075525639029,0.7047831153000803,152,132.16
576,185.0,0.05573070148010834,0.839336480228608,185,132.84
577,171.0,0.0554520479727078,0.5851182968843162,171,133.37
578,500.0,0.05517478773284426,0.5786340356077999,500,137.26
579,234.0,0.05489891379418004,0.6911594049366286,234,138.48
580,500.0,0.05462441922520914,0.4955569842630066,500,143.37
581,425.0,0.0543512971290831,0.9286040565831696,425,146.63
582,205.0,0.05407954064343768,0.6635055243673667,205,147.84
583,179.0,0.05380914294022049,1.2425447525092344,179,148.43
584,156.0,0.05354009722551939,0.796333304597423,156,148.68
585,149.0,0.05327239673939179,0.760794543876819,149,148.78
586,149.0,0.053006034755694834,0.6522193317764108,149,149.02
587,147.0,0.052741004581916356,0.6643205052875236,147,149.3
588,148.0,0.052477299559006776,0.5793757901316181,148,149.42
589,143.0,0.052214913061211746,1.0606428519627276,143,149.99
590,133.0,0.05195383849590569,0.641833936476982,133,149.89
591,138.0,0.05169406930342616,0.8842493159581731,138,149.92
592,152.0,0.05143559895690903,1.153336942483867,152,150.13
593,133.0,0.051178420962124486,1.0845433205831796,133,150.22
594,139.0,0.05092252885731386,0.6445431484097093,139,150.29
595,133.0,0.05066791621302729,0.5002451784544646,133,150.04
596,133.0,0.05041457663196215,0.6214096070218244,133,151.26
597,128.0,0.050162503748802344,1.1918382487419876,128,151.68
598,130.0,0.049911691230058335,0.5400324765736094,130,151.66
599,143.0,0.04966213277390804,1.0079199052187842,143,151.51
600,131.0,0.0494138221100385,0.8148392448059589,131,151.21
601,128.0,0.04916675299948831,0.5842815216310555,128,151.24
602,127.0,0.04892091923449087,0.5343278761637785,127,152.26
603,126.0,0.04867631463831842,1.1698914967137315,126,152.01
604,123.0,0.048432933065126825,0.49487912244678334,123,152.26
605,168.0,0.048190768399801194,0.6033634286944843,168,152.36
606,141.0,0.04794981455780219,1.0431074342650777,141,152.58
607,154.0,0.04771006548501318,1.0200629154909644,154,152.78
608,154.0,0.047471515157588115,0.6500789068983989,154,152.78
609,177.0,0.047234157581800176,0.4112337612925823,177,153.5
610,147.0,0.046997986793891174,0.7073269605756972,147,154.04
611,37.0,0.04676299685992172,0.3885755551400015,37,152.72
612,156.0,0.04652918187562211,0.9860840812385178,156,152.76
613,147.0,0.046296535966244,1.266255706048184,147,152.91
614,140.0,0.046065053286412784,1.2844455350589539,140,153.0
615,144.0,0.04583472801998072,1.0766224199065215,144,153.27
616,158.0,0.045605554379880814,1.0876793210200164,158,153.67
617,148.0,0.04537752660798141,1.1078326440781254,148,154.05
618,167.0,0.0451506389749415,1.28508875902441,167,154.58
619,154.0,0.044924885780066794,1.4154700033257823,154,154.95
620,164.0,0.04470026135116646,1.290907520593553,164,155.43
621,171.0,0.04447676004441063,1.5517580466649947,171,156.28
622,152.0,0.04425437624418858,1.2059398682536802,152,156.7
623,147.0,0.04403310436296763,0.5439462609601771,147,157.08
624,133.0,0.043812938841152796,1.6283693520380254,133,157.28
625,116.0,0.04359387414694703,1.2989944717124233,116,157.33
626,120.0,0.043375904776212296,0.9414390904052804,120,157.66
627,117.0,0.043159025252331236,0.4795312957925738,117,157.76
628,117.0,0.04294323012606958,1.1580618671499765,117,157.85
629,241.0,0.04272851397543923,1.1834169912182908,241,159.14
630,146.0,0.04251487140556204,0.5735202943651031,146,159.45
631,65.0,0.04230229704853423,1.460828685373641,65,159.08
632,90.0,0.04209078556329156,1.6460283521355854,90,158.99
633,154.0,0.0418803316354751,1.407072694095263,154,159.47
634,175.0,0.041670929977297724,0.9916266571144973,175,160.14
635,199.0,0.04146257532741124,1.2652205953154545,199,161.07
636,107.0,0.04125526245077418,1.1766875571022941,107,161.11
637,41.0,0.04104898613852031,0.1560312374381394,41,160.81
638,138.0,0.04084374120782771,1.9610197474046245,138,161.17
639,242.0,0.04063952250178857,0.9300354576288637,242,162.59
640,221.0,0.04043632488927963,0.7681276077210768,221,163.73
641,149.0,0.04023414326483323,1.8343599978084333,149,164.16
642,163.0,0.040032972548509065,1.6462106639290788,163,164.77
643,167.0,0.03983280768576652,1.0753630023717344,167,165.29
644,150.0,0.03963364364733769,0.5212098394520581,150,165.64
645,137.0,0.039435475429100995,0.6907648144928861,137,165.97
646,235.0,0.03923829805195549,1.2150093395778157,235,167.25
647,108.0,0.03904210656169572,0.8170207412137339,108,167.24
648,146.0,0.03884689602888724,0.30818156278947345,146,167.48
649,96.0,0.0386526615487428,0.3892205321753863,96,167.34
650,95.0,0.03845939824099909,1.2622011818187802,95,167.13
651,139.0,0.03826710124979409,0.6984450765918914,139,167.08
652,191.0,0.038075765743545126,0.3566773641142624,191,167.47
653,126.0,0.0378853869148274,0.6536268303096886,126,167.33
654,121.0,0.03769595998025326,0.5288187560340589,121,166.91
655,138.0,0.03750748018035199,0.08186321081323684,138,166.86
656,132.0,0.037319942779450235,0.6982202212975333,132,166.7
657,128.0,0.037133343065552986,0.45525008509866893,128,166.44
658,128.0,0.03694767635022522,1.0359563406091183,128,166.32
659,125.0,0.036762937968474095,1.3756877426877618,125,166.32
660,133.0,0.03657912327863173,0.5425890272980401,133,166.31
661,131.0,0.036396227662238566,1.535252520835866,131,166.33
662,131.0,0.03621424652392737,0.8953263198899972,131,166.12
663,142.0,0.036033175291307735,0.43339532908235845,142,166.09
664,150.0,0.03585300941485119,0.9256736127845943,150,166.22
665,109.0,0.035673744367776934,0.9036486145245646,109,163.23
666,139.0,0.03549537564593805,0.362081592647935,139,162.52
667,130.0,0.035317898767708356,1.0240803399839653,130,160.09
668,140.0,0.03514130927386981,1.4962971226245696,140,159.41
669,140.0,0.03496560272750046,1.1845526440867356,140,158.87
670,140.0,0.03479077471386296,0.11456921603530645,140,158.73
671,138.0,0.03461682084029365,0.3131504152037635,138,158.15
672,151.0,0.034443736736092176,0.6380583439392364,151,158.15
673,144.0,0.034271518052411715,0.501205858121264,144,157.8
674,140.0,0.034100160462149656,0.7796076053620449,140,154.2
675,124.0,0.03392965965983891,0.6832464979548428,124,153.92
676,124.0,0.033760011361539714,0.9245304441635287,124,153.31
677,124.0,0.03359121130473201,0.5333457884543966,124,152.84
678,120.0,0.033423255248208356,0.8013535352462592,120,149.04
679,125.0,0.03325613897196732,0.6772060139849782,125,147.95
680,121.0,0.03308985827710748,1.2104365325509763,121,144.16
681,137.0,0.032924408985721944,1.4919554567114062,137,141.28
682,120.0,0.03275978694079333,0.11078760957267757,120,140.43
683,127.0,0.032595988006089364,0.5702620248830929,127,139.91
684,137.0,0.032433008066058915,0.965467631565339,137,139.72
685,139.0,0.03227084302572862,0.18216510098963548,139,139.62
686,130.0,0.032109488810599975,0.5874102980399935,130,139.43
687,128.0,0.031948941366546975,0.8321431298063544,128,139.24
688,128.0,0.03178919665971424,0.2945717770999181,128,139.04
689,128.0,0.03163025067641567,0.07540217893983936,128,138.89
690,130.0,0.03147209942303359,0.8026839329144703,130,138.86
691,117.0,0.03131473892591842,0.3557370156288529,117,138.65
692,136.0,0.031158165231288826,0.7420174491673928,136,138.49
693,137.0,0.03100237440513238,0.10321119093560498,137,138.53
694,127.0,0.030847362533106718,0.3175506663589379,127,138.41
695,135.0,0.030693125720441184,0.29684673884400614,135,138.43
696,137.0,0.030539660091838977,0.32754531945951665,137,138.47
697,138.0,0.03038696179137978,0.13716314546763897,138,138.57
698,144.0,0.030235026982422884,0.12296334860406609,144,138.71
699,137.0,0.030083851847510768,0.7912602810474643,137,138.65
700,133.0,0.029933432588273214,0.0832350559609669,133,138.67
701,138.0,0.029783765425331846,0.3482467047330262,138,138.77
702,135.0,0.029634846598205186,0.09064937219437626,135,138.85
703,134.0,0.02948667236521416,0.5750545811311188,134,138.93
704,129.0,0.029339239003388088,0.8221785139451309,129,138.99
705,128.0,0.029192542808371146,0.40052116632432444,128,138.59
706,131.0,0.02904658009432929,0.5919723285020877,131,138.49
707,140.0,0.028901347193857643,0.08693718338119132,140,138.35
708,134.0,0.028756840457888354,0.10799454206100373,134,138.15
709,135.0,0.02861305625559891,0.15697373146260227,135,137.73
710,136.0,0.028469990974320916,0.33380574140670327,136,137.62
711,134.0,0.02832764101944931,0.15350626169968007,134,138.59
712,122.0,0.028186002814352063,0.12005879923121118,122,138.25
713,154.0,0.0280450728002803,0.08123429143172387,154,138.32
714,144.0,0.0279048474362789,0.13182472084493688,144,138.36
715,170.0,0.027765323199097504,0.14966926268466255,170,138.62
716,146.0,0.027626496583102015,0.08256625845926265,146,138.5
717,155.0,0.027488364100186506,0.1480518656512422,155,138.57
718,137.0,0.027350922279685573,0.1444031549617648,137,138.27
719,145.0,0.027214167668287145,0.12101030297384693,145,138.18
720,143.0,0.02707809682994571,0.09991216312416575,143,137.97
721,154.0,0.02694270634579598,0.11437563530725801,154,137.8
722,139.0,0.026807992814067,0.12333934716947323,139,137.67
723,155.0,0.026673952849996664,0.1080234861662311,155,137.75
724,145.0,0.02654058308574668,0.12228993537418287,145,137.87
725,154.0,0.026407880170317945,0.11547127669048193,154,138.25
726,141.0,0.026275840769466357,0.1291733495825043,141,138.46
727,124.0,0.026144461565619025,0.13825450538687648,124,138.53
728,127.0,0.02601373925779093,0.1129256844168573,127,138.63
729,133.0,0.025883670561501974,0.1432488250889276,133,137.55
730,134.0,0.025754252208694463,0.10567434437211547,134,137.43
731,131.0,0.02562548094765099,0.13033531079751276,131,138.09
732,131.0,0.025497353542912736,0.15450977000855762,131,138.5
733,132.0,0.02536986677519817,0.1542645932499771,132,138.28
734,122.0,0.02524301744132218,0.13828418545089052,122,137.75
735,119.0,0.025116802354115567,0.13775688505285427,119,136.95
736,116.0,0.024991218342344988,0.10229076855366342,116,137.04
737,125.0,0.024866262250633264,0.141061617128551,125,137.88
738,121.0,0.024741930939380097,0.15237591646550117,121,137.71
739,114.0,0.024618221284683196,0.167557259637601,114,136.43
740,114.0,0.02449513017825978,0.1720074057056193,114,135.36
741,120.0,0.02437265452736848,0.14816436734981836,120,135.07
742,125.0,0.024250791254731636,0.1670934023708105,125,134.69
743,121.0,0.024129537298457977,0.1379213463592012,121,134.23
744,122.0,0.024008889611965685,0.15865571261001904,122,133.95
745,122.0,0.023888845163905856,0.14993520661211404,122,133.8
746,129.0,0.023769400938086327,0.13900918396579665,129,132.74
747,121.0,0.023650553933395897,0.1650123467345622,121,132.87
748,126.0,0.023532301163728918,0.16087604034322475,126,132.67
749,122.0,0.023414639657910272,0.15054629190412702,122,132.93
750,120.0,0.023297566459620722,0.1684666701204454,120,133.18
751,117.0,0.023181078627322618,0.11769335312593697,117,132.96
752,115.0,0.023065173234186005,0.10130949566626678,115,132.2
753,113.0,0.022949847368015076,0.13849443817857357,113,132.07
754,113.0,0.022835098131175,0.15672508886380665,113,131.99
755,110.0,0.022720922640519125,0.1313852355053479,110,131.71
756,112.0,0.02260731802731653,0.11621056320810956,112,131.51
757,116.0,0.022494281437179946,0.11247797661204019,116,131.39
758,112.0,0.022381810029994047,0.11730100838134863,112,131.23
759,130.0,0.022269900979844076,0.1287296304335961,130,131.28
760,61.0,0.022158551474944856,0.1054673314735782,61,130.56
761,136.0,0.022047758717570132,0.4064609287580585,136,130.61
762,129.0,0.021937519923982282,0.6638061802133975,129,130.59
763,145.0,0.021827832324362372,0.5956226353405107,145,130.62
764,141.0,0.02171869316274056,0.3872283161981097,141,130.53
765,147.0,0.021610099696926857,0.3336783089947437,147,130.91
766,142.0,0.021502049198442223,1.0740157122376153,142,130.94
767,129.0,0.021394538952450012,0.13406176378502865,129,130.93
768,133.0,0.02128756625768776,0.1099825776147103,133,130.86
769,129.0,0.021181128426399323,0.37589793298537877,129,130.75
770,130.0,0.021075222784267326,0.38186868684223063,130,130.65
771,130.0,0.020969846670345987,0.8444397331466182,130,130.57
772,130.0,0.020864997436994256,0.09612333649196304,130,130.36
773,127.0,0.020760672449809284,0.1121553585820604,127,130.19
774,137.0,0.020656869087560238,0.11513246958871393,137,130.16
775,207.0,0.020553584742122436,0.5697878949672596,207,130.99
776,82.0,0.020450816818411825,0.6202157280157979,82,130.57
777,148.0,0.020348562734319765,0.7505687663671434,148,130.81
778,94.0,0.020246819920648168,0.12216642304283983,94,130.55
779,222.0,0.020145585821044927,0.374393860037598,222,131.52
780,207.0,0.020044857891939702,0.2263253612830731,207,132.38
781,174.0,0.019944633602480003,0.5459479007083152,174,132.75
782,169.0,0.019844910434467605,0.2868402530439198,169,133.24
783,157.0,0.019745685882295267,0.3633615604904332,157,133.54
784,162.0,0.01964695745288379,0.306040055917599,162,133.79
785,167.0,0.01954872266561937,0.19669226306618867,167,134.07
786,158.0,0.019450979052291272,1.0355993431485906,158,134.35
787,161.0,0.019353724157029815,0.4630826012873501,161,134.68
788,157.0,0.019256955536244666,0.4432744399116487,157,134.97
789,157.0,0.019160670758563442,0.5536775861801521,157,135.26
790,156.0,0.019064867404770626,0.44143591501797813,156,135.52
791,160.0,0.018969543067746772,0.3676967268751469,160,135.95
792,163.0,0.018874695352408037,0.30929912860716685,163,136.22
793,157.0,0.018780321875645996,0.570992170972453,157,136.42
794,158.0,0.018686420266267767,0.33671325635565796,158,136.73
795,148.0,0.018592988164936427,0.4621446493043992,148,136.86
796,146.0,0.018500023224111744,0.2056670934727339,146,136.95
797,160.0,0.018407523107991184,1.4695607801608275,160,137.17
798,160.0,0.01831548549245123,0.6619696750829462,160,137.33
799,154.0,0.018223908064988973,0.09363407250977569,154,137.5
800,161.0,0.018132788524664028,0.20466119250548737,161,137.78
801,146.0,0.018042124582040707,0.19366441744264878,146,137.86
802,177.0,0.017951913959130504,0.7142152770995925,177,138.28
803,155.0,0.01786215438933485,0.441259850237158,155,138.49
804,192.0,0.017772843617388175,0.45773811004134285,192,139.12
805,180.0,0.017683979399301233,0.2911805093340162,180,139.64
806,210.0,0.017595559502304726,0.38226803377758534,210,140.43
807,227.0,0.0175075817047932,0.2697345848494755,227,141.3
808,227.0,0.017420043796269234,0.518692147202117,227,142.23
809,231.0,0.017332943577287888,0.6928934405005468,231,143.19
810,183.0,0.01724627885940145,0.20234632057702687,183,143.66
811,187.0,0.017160047465104442,0.302717217662556,187,144.19
812,196.0,0.01707424722777892,0.2876831470223676,196,144.93
813,183.0,0.016988875991640028,0.5371780947481837,183,145.22
814,205.0,0.016903931611681827,0.47271481615195915,205,145.83
815,182.0,0.01681941195362342,0.4103822341459998,182,145.95
816,263.0,0.016735314893855303,0.5817735871307184,263,147.12
817,264.0,0.016651638319386028,0.847540056262391,264,148.21
818,300.0,0.0165683801277891,0.43281408948047706,300,149.84
819,257.0,0.016485538227150154,0.392922404680604,257,150.96
820,215.0,0.0164031105360144,0.292067888426746,215,151.68
821,238.0,0.01632109498333433,0.24350899146251506,238,152.52
822,214.0,0.016239489508417658,0.271372997230267,214,153.27
823,213.0,0.01615829206087557,0.08720080665107205,213,153.85
824,313.0,0.01607750060057119,0.372570603147161,313,155.53
825,316.0,0.015997113097568336,0.22529280083578174,316,157.15
826,302.0,0.015917127532080494,0.379281448569636,302,158.76
827,323.0,0.01583754189442009,0.09541939051054857,323,160.75
828,313.0,0.01575835418494799,0.052714819746157424,313,162.61
829,306.0,0.01567956241402325,0.03682947211618858,306,164.34
830,443.0,0.015601164601953134,0.03277769076173313,443,167.43
831,500.0,0.015523158778943369,0.024459944824222476,500,171.12
832,500.0,0.015445542985048652,0.188678848169744,500,174.81
833,207.0,0.015368315270123408,0.22458552759014755,207,175.56
834,500.0,0.01529147369377279,1.16176481252769,500,179.34
835,500.0,0.015215016325303928,1.4723278823280708,500,183.15
836,500.0,0.015138941243677408,0.780914469611831,500,186.99
837,500.0,0.01506324653745902,1.3528242380898445,500,190.74
838,500.0,0.014987930304771725,3.0062899246923624,500,194.53
839,500.0,0.014912990653247866,2.6040793573809786,500,198.39
